,,,,,,,,,,,,,,,积极
,,,,,,,,,,,,,,,
,,,,,,,,,,,,,,,课程内容丰富有助于科研学习
,,,,,,,,,,,,,,,
,,,,,,,,,,,,,,,本人在该课程中收获颇多，特别是分组汇报，能够更好更快的帮助学习和吸收，希望老师把分组汇报延续下去。
,,,,,,,,,,,,,,,
,,,,,,,,,,,,,,,
,,,,,,,,,,,,,,,挺好的
,,,,,,,,,,,,,,,看到问卷13题很有启发，除了选项内容还可以加入模拟会议专题
,,,,,,,,,,,,,,,本课程在我做实验和撰写论文方面有非常大的帮助，尤其是在写论文实验实施的时候，我学会了如何有条理的去描述实验准备过程，制定实验计划，这一点对我的帮助非常大
,,,,,,,,,,,,,,,很满意
,,,,,,,,,,,,,,,
,,,,,,,,,,,,,,,都挺好，没有什么建议。
,,,,,,,,,,,,,,,很棒
,,,,,,,,,,,,,,,
,,,,,,,,,,,,,,,希望课程进度可以更加平滑，实验过程的课程难度高不容易理解
,,,,,,,,,,,,,,,我觉得研究生期间最重要的就是发论文，针对怎么找创新点，可以讲一讲。有的人阅读了很多论文，但是自己想不出创新点，针对这一方面，可以着重讲一下。
,,,,,,,,,,,,,,,
,,,,,,,,,,,,,,,关于毕业论文答辩的相关事宜希望老师能提前教授相关内容，可以提前做好准备
,,,,,,,,,,,,,,,老师很棒！
,,,,,,,,,,,,,,,个人感觉良好，尤其是最后的结课答辩深得人心。
,,,,,,,,,,,,,,,
,,,,,,,,,,,,,,,很好
,,,,,,,,,,,,,,,
,,,,,,,,,,,,,,,
,,,,,,,,,,,,,,,
,,,,,,,,,,,,,,,
,,,,,,,,,,,,,,,我觉得这门课程开设的很好，通过学习软件工程领域的研究方法，起到举一反三的作用，让大部分同学都学到了自己研究领域的方法，帮助同学们更好的理解研究生的工作，掌握写论文的技巧和方法，是很有意义的一门课，也是我目前感觉对我帮助最大的一门课程之一。
,,,,,,,,,,,,,,,
,,,,,,,,,,,,,,,
,,,,,,,,,,,,,,,在这个课程中通过自己的实际操作学到如何找论文和期刊以及如何设置实验，老师讲课和给的指导意见都很贴切，直接指出了问题所在，像是一个小型的答辩现场氛围很好。
,,,,,,,,,,,,,,,
,,,,,,,,,,,,,,,本课程对我后面写论文帮助很多
,,,,,,,,,,,,,,,课程设计得很棒
,,,,,,,,,,,,,,,
,,,,,,,,,,,,,,,非常好
,,,,,,,,,,,,,,,
,,,,,,,,,,,,,,,
,,,,,,,,,,,,,,,
,,,,,,,,,,,,,,,
,,,,,,,,,,,,,,,收获蛮多
,,,,,,,,,,,,,,,
,,,,,,,,,,,,,,,很好
,,,,,,,,,,,,,,,
,,,,,,,,,,,,,,,很好
,,,,,,,,,,,,,,,
,,,,,,,,,,,,,,,
,,,,,,,,,,,,,,,
,,,,,,,,,,,,,,,
,,,,,,,,,,,,,,,再接再厉，把精品课带给学弟学妹们。
,,,,,,,,,,,,,,,课程设计的很合理  老师很敬职敬业
,,,,,,,,,,,,,,,
,,,,,,,,,,,,,,,
,,,,,,,,,,,,,,,通过两位老师的教学，使我在这门课程上收获颇多，学会了很多学习与做研究的方法，干货满满。不得不说老师们非常认真负责，上课前提前发ppt让同学们预习，在同学汇报时能针对每一位同学提出针对性的建议与意见。希望本课程以后越来越好，不断丰富内容，成为精品课程！
,,,,,,,,,,,,,,,很好非常不错
,,,,,,,,,,,,,,,挺好
,,,,,,,,,,,,,,,
,,,,,,,,,,,,,,,增加对计算机科学方向论文的案例
,,,,,,,,,,,,,,,
,,,,,,,,,,,,,,,从学生角度来看，两位老师是对这门课做了充分的策划，和教学模式上的探索。 我也在这门课学到了老师希望传达给我们的东西，虽然可能理解不深入，但是也为未来的深入了解打开了一扇窗。
,,,,,,,,,,,,,,,
,,,,,,,,,,,,,,,
,,,,,,,,,,,,,,,结课答辩很好，不仅更对自己的领域有了研究，更看到了差距和前进方向
,,,,,,,,,,,,,,,挺好的
,,,,,,,,,,,,,,,老师辛苦了，没有意见，建议偶尔点名提升出勤率
,,,,,,,,,,,,,,,
,,,,,,,,,,,,,,,
,,,,,,,,,,,,,,,
,,,,,,,,,,,,,,,
,,,,,,,,,,,,,,,答辩的形式，给予学生上台机会，都是不错的成长经验
,,,,,,,,,,,,,,,挺好。
,,,,,,,,,,,,,,,
,,,,,,,,,,,,,,,
,,,,,,,,,,,,,,,
,,,,,,,,,,,,,,,很不错。每个人都能很好的参与。
,,,,,,,,,,,,,,,
,,,,,,,,,,,,,,,老师真的认真负责 
,,,,,,,,,,,,,,,
,,,,,,,,,,,,,,,
,,,,,,,,,,,,,,,
,,,,,,,,,,,,,,,
,,,,,,,,,,,,,,,
,,,,,,,,,,,,,,,答辩有很好的提升
,,,,,,,,,,,,,,,老师们对于个人答辩的分析，很有益于我后续的方向进展
,,,,,,,,,,,,,,,可以继续开设，希望老师能多讲一点
,,,,,,,,,,,,,,,
,,,,,,,,,,,,,,,
,,,,,,,,,,,,,,,老师教得超好！老师辛苦啦
,,,,,,,,,,,,,,,
,,,,,,,,,,,,,,,
,,,,,,,,,,,,,,,老师很好，以汇报和答辩形式形式提高我们对研究方向的认知
,,,,,,,,,,,,,,,上课形式很好
,,,,,,,,,,,,,,,
,,,,,,,,,,,,,,,
,,,,,,,,,,,,,,,
,,,,,,,,,,,,,,,
,,,,,,,,,,,,,,,
,,,,,,,,,,,,,,,
,,,,,,,,,,,,,,,
,,,,,,,,,,,,,,,
