消极,,,,,中立
"感觉可以在课程开始增加一节课介绍一点科学常识，比如:IEEE，AAAI的读音，
搜索文章的技巧等。",,,,,学到挺多东西
"希望老师能够介绍和教授使用文献管理软件(如EndNote、Zotero )和常用的统计分析
软件",,,,,很有帮助，收获很多，极大提升了上课同学的科学素养，
"实践与理论结合∶课程中可以增加更多的案例分析和项目实践，让学生能够将理论知识应用
到实际开发中，增强学生的实践能力。",,,,,"如果未来课程能增加更多与科研素养相关的专题，我相信学
弟学妹们会有更多的收获。"
,,,,,希望老师能够介绍和教授使用文献管理软件(如EndNote、Zotero )和常用的统计分析
,,,,,软件
,,,,,"以及分析成功的软件项目和失败的项目案例，让学生了解在实际开发过程中可能遇到的问题和解决方案。或者在发论文过程中的失败案例
分析，具体分析导致错误的原因。"
,,,,,"软件工程是一门至关重要的课程，它不仅涵盖了软件开发的理论和实践，还涉及到项目管理、团队协作以及质量保证等多个方面。王老师在这门课程中的表现尤为出色，他的教学方式既严谨又富有激情，能够将复杂的软件工程概
念讲解得清晰易懂。
王老师对软件工程的深刻理解和丰富经验，使得学生们不仅能够理解软件工程的理论基础，还能够掌握实际应用中的技巧。他的课堂总是充满活力，通过案例分析和实际操作，激发学
生们的学习兴趣和参与热情。"
,,,,,"1.**知识丰富**∶软件工程是一个涉及面非常广泛的领域，从需求分析到系统设计，再到编码实践和项目管理，每一个环节都有其复杂性和挑战。上完这门课，我觉得自己的知识库更加丰富了。2.**实践重要性**∶理论知识固然重要，但软件工程更强调的是实践。我意识到了将理论应用到实际项目中的重要性，以及在实践中不断学习和改进的必要性。3.**团队合作**∶软件工程不是一个人的战斗，它需要团队的协作。我更加理解了团队合作的价值，以及如何在团队中发挥自己的作用。4.**持续学习**︰技术在不断进步，新的工具和方法层出不穷。我意识到了作为一个软件工程师，需要不断学习新知识，以保持自己的竞争力。5.**挑战与乐趣并存**∶软件工程充满了挑战，但同时也充满了乐趣。解决复杂问题、创造有价值的软件产品，这些都能给我带来成就感。6.**职业规划**:这门课可能让你对自己的职业规划有了更清晰的认识，无论是想要成为技术专家，还是项目管理专家，或者是转型到其他相关领域。7.**对未来的期待**:我可能对未来的职业生涯充满了期待，想要将所学应用到实际工作中，创造出优秀的软
件产品。"
,,,,,"希望可以增加更多这样
的专题。"
,,,,,"在课程讲解方面，可以适当放慢理论知识的讲解速度，确保每个同学都能跟上进度，理解复杂的概念。并且可以增加一些互动环节，鼓励同学们提出问题和分享自己的见解，这样可以
更好地促进知识的吸收和交流。
总之，《高级软件工程》这门课程对我们的专业成长有着重要意义，通过以上改进，相信这
门课程能够让同学们收获更多。"
,,,,,
,,,,,"《高级软件工程》是一门理论与实践紧密结合的课程。在学习过程中，我深刻体会到了软件工程在软件开发中的重要性。通过课程中的项目实践，我学会了如何从需求分析、设计、编
码到测试进行系统的软件开发。
然而，我认为这门课程可以在实践环节上进一步加强。例如，可以引入更多实际的企业级项目案例，让我们更直观地了解软件工程在实际工作中的应用。同时，"
